{
  "project_info": {
    "project_number": "869436946755",
    "project_id": "ad-registro",
    "storage_bucket": "ad-registro.appspot.com"
  },
  "client": [
    {
      "client_info": {
        "mobilesdk_app_id": "1:869436946755:android:ca1d2d3d7e2067e74a57f6",
        "android_client_info": {
          "package_name": "com.example.ad_practicaregistro"
        }
      },
      "oauth_client": [
        {
          "client_id": "869436946755-6dfo62dlulc83p61e2g7ghl8clk1lj2d.apps.googleusercontent.com",
          "client_type": 3
        }
      ],
      "api_key": [
        {
          "current_key": "AIzaSyAclJeh2lXQ3owxOGg66oLqVu3dqHdxWpI"
        }
      ],
      "services": {
        "appinvite_service": {
          "other_platform_oauth_client": [
            {
              "client_id": "869436946755-6dfo62dlulc83p61e2g7ghl8clk1lj2d.apps.googleusercontent.com",
              "client_type": 3
            }
          ]
        }
      }
    }
  ],
  "configuration_version": "1"
}